{
    "m_Dictionary": {
        "m_DictionaryValues": [
            {
                "type": "UnityEngine.ProBuilder.LogLevel, Unity.ProBuilder, Version=0.0.0.0, Culture=neutral, PublicKeyToken=null",
                "key": "log.level",
                "value": "{\"m_Value\":3}"
            },
            {
                "type": "UnityEngine.ProBuilder.LogOutput, Unity.ProBuilder, Version=0.0.0.0, Culture=neutral, PublicKeyToken=null",
                "key": "log.output",
                "value": "{\"m_Value\":1}"
            },
            {
                "type": "System.String, mscorlib, Version=4.0.0.0, Culture=neutral, PublicKeyToken=b77a5c561934e089",
                "key": "log.path",
                "value": "{\"m_Value\":\"ProBuilderLog.txt\"}"
            },
            {
                "type": "System.String, mscorlib, Version=4.0.0.0, Culture=neutral, PublicKeyToken=b77a5c561934e089",
                "key": "VertexColorPalette.previousColorPalette",
                "value": "{\"m_Value\":\"Assets/ProBuilder Data/Default Color Palette.asset\"}"
            },
            {
                "type": "UnityEngine.ProBuilder.SemVer, Unity.ProBuilder, Version=0.0.0.0, Culture=neutral, PublicKeyToken=null",
                "key": "about.identifier",
                "value": "{\"m_Value\":{\"m_Major\":4,\"m_Minor\":0,\"m_Patch\":5,\"m_Build\":-1,\"m_Type\":\"\",\"m_Metadata\":\"\",\"m_Date\":\"2019/05/08\"}}"
            },
            {
                "type": "UnityEngine.ProBuilder.SemVer, Unity.ProBuilder, Version=0.0.0.0, Culture=neutral, PublicKeyToken=null",
                "key": "preferences.version",
                "value": "{\"m_Value\":{\"m_Major\":4,\"m_Minor\":0,\"m_Patch\":5,\"m_Build\":-1,\"m_Type\":\"\",\"m_Metadata\":\"\",\"m_Date\":\"2019/05/08\"}}"
            },
            {
                "type": "System.Boolean, mscorlib, Version=4.0.0.0, Culture=neutral, PublicKeyToken=b77a5c561934e089",
                "key": "editor.backFaceSelectEnabled",
                "value": "{\"m_Value\":false}"
            },
            {
                "type": "System.Boolean, mscorlib, Version=4.0.0.0, Culture=neutral, PublicKeyToken=b77a5c561934e089",
                "key": "editor.toolbarIconGUI",
                "value": "{\"m_Value\":false}"
            },
            {
                "type": "System.Boolean, mscorlib, Version=4.0.0.0, Culture=neutral, PublicKeyToken=b77a5c561934e089",
                "key": "editor.showSceneInfo",
                "value": "{\"m_Value\":false}"
            },
            {
                "type": "System.Boolean, mscorlib, Version=4.0.0.0, Culture=neutral, PublicKeyToken=b77a5c561934e089",
                "key": "UnityEngine.ProBuilder.ProBuilderEditor-isUtilityWindow",
                "value": "{\"m_Value\":true}"
            },
            {
                "type": "System.Boolean, mscorlib, Version=4.0.0.0, Culture=neutral, PublicKeyToken=b77a5c561934e089",
                "key": "lightmapping.autoUnwrapLightmapUV",
                "value": "{\"m_Value\":true}"
            },
            {
                "type": "System.Boolean, mscorlib, Version=4.0.0.0, Culture=neutral, PublicKeyToken=b77a5c561934e089",
                "key": "editor.autoRecalculateCollisions",
                "value": "{\"m_Value\":false}"
            },
            {
                "type": "System.Boolean, mscorlib, Version=4.0.0.0, Culture=neutral, PublicKeyToken=b77a5c561934e089",
                "key": "mesh.meshColliderIsConvex",
                "value": "{\"m_Value\":false}"
            },
            {
                "type": "System.Boolean, mscorlib, Version=4.0.0.0, Culture=neutral, PublicKeyToken=b77a5c561934e089",
                "key": "editor.closeWindowAfterShapeCreation",
                "value": "{\"m_Value\":false}"
            },
            {
                "type": "System.Boolean, mscorlib, Version=4.0.0.0, Culture=neutral, PublicKeyToken=b77a5c561934e089",
                "key": "editor.showEditorNotifications",
                "value": "{\"m_Value\":false}"
            },
            {
                "type": "System.Boolean, mscorlib, Version=4.0.0.0, Culture=neutral, PublicKeyToken=b77a5c561934e089",
                "key": "CollapseVertices.collapseToFirst",
                "value": "{\"m_Value\":true}"
            },
            {
                "type": "System.Boolean, mscorlib, Version=4.0.0.0, Culture=neutral, PublicKeyToken=b77a5c561934e089",
                "key": "editor.extrudeEdgesAsGroup",
                "value": "{\"m_Value\":true}"
            },
            {
                "type": "System.Boolean, mscorlib, Version=4.0.0.0, Culture=neutral, PublicKeyToken=b77a5c561934e089",
                "key": "GrowSelection.useAngle",
                "value": "{\"m_Value\":true}"
            },
            {
                "type": "System.Boolean, mscorlib, Version=4.0.0.0, Culture=neutral, PublicKeyToken=b77a5c561934e089",
                "key": "GrowSelection.iterativeGrow",
                "value": "{\"m_Value\":false}"
            },
            {
                "type": "System.Boolean, mscorlib, Version=4.0.0.0, Culture=neutral, PublicKeyToken=b77a5c561934e089",
                "key": "FillHole.selectEntirePath",
                "value": "{\"m_Value\":true}"
            },
            {
                "type": "UnityEngine.ProBuilder.SelectionModifierBehavior, Unity.ProBuilder, Version=0.0.0.0, Culture=neutral, PublicKeyToken=null",
                "key": "editor.rectSelectModifier",
                "value": "{\"m_Value\":2}"
            },
            {
                "type": "UnityEngine.ProBuilder.RectSelectMode, Unity.ProBuilder, Version=0.0.0.0, Culture=neutral, PublicKeyToken=null",
                "key": "editor.dragSelectRectMode",
                "value": "{\"m_Value\":0}"
            },
            {
                "type": "UnityEngine.ProBuilder.SelectMode, Unity.ProBuilder, Version=0.0.0.0, Culture=neutral, PublicKeyToken=null",
                "key": "editor.selectMode",
                "value": "{\"m_Value\":8}"
            },
            {
                "type": "UnityEngine.ProBuilder.PivotLocation, Unity.ProBuilder, Version=0.0.0.0, Culture=neutral, PublicKeyToken=null",
                "key": "mesh.newShapePivotLocation",
                "value": "{\"m_Value\":1}"
            },
            {
                "type": "UnityEngine.Rendering.ShadowCastingMode, UnityEngine.CoreModule, Version=0.0.0.0, Culture=neutral, PublicKeyToken=null",
                "key": "mesh.shadowCastingMode",
                "value": "{\"m_Value\":1}"
            },
            {
                "type": "UnityEngine.Material, UnityEngine.CoreModule, Version=0.0.0.0, Culture=neutral, PublicKeyToken=null",
                "key": "mesh.userMaterial",
                "value": "{\"m_Value\":{\"instanceID\":0}}"
            },
            {
                "type": "UnityEditor.StaticEditorFlags, UnityEditor, Version=0.0.0.0, Culture=neutral, PublicKeyToken=null",
                "key": "mesh.defaultStaticEditorFlags",
                "value": "{\"m_Value\":0}"
            },
            {
                "type": "UnityEngine.ProBuilder.ColliderType, Unity.ProBuilder, Version=0.0.0.0, Culture=neutral, PublicKeyToken=null",
                "key": "mesh.newShapeColliderType",
                "value": "{\"m_Value\":2}"
            },
            {
                "type": "UnityEngine.ProBuilder.UnwrapParameters, Unity.ProBuilder, Version=0.0.0.0, Culture=neutral, PublicKeyToken=null",
                "key": "lightmapping.defaultLightmapUnwrapParameters",
                "value": "{\"m_Value\":{\"m_HardAngle\":88.0,\"m_PackMargin\":20.0,\"m_AngleError\":8.0,\"m_AreaError\":15.0}}"
            },
            {
                "type": "UnityEngine.ProBuilder.ExtrudeMethod, Unity.ProBuilder, Version=0.0.0.0, Culture=neutral, PublicKeyToken=null",
                "key": "editor.extrudeMethod",
                "value": "{\"m_Value\":2}"
            },
            {
                "type": "System.Single, mscorlib, Version=4.0.0.0, Culture=neutral, PublicKeyToken=b77a5c561934e089",
                "key": "ExtrudeEdges.distance",
                "value": "{\"m_Value\":0.5}"
            },
            {
                "type": "System.Single, mscorlib, Version=4.0.0.0, Culture=neutral, PublicKeyToken=b77a5c561934e089",
                "key": "GrowSelection.angleValue",
                "value": "{\"m_Value\":15.0}"
            },
            {
                "type": "System.Single, mscorlib, Version=4.0.0.0, Culture=neutral, PublicKeyToken=b77a5c561934e089",
                "key": "WeldVertices.weldDistance",
                "value": "{\"m_Value\":0.009999999776482582}"
            },
            {
                "type": "UnityEditor.ProBuilder.Actions.DetachFaces+DetachSetting, Unity.ProBuilder.Editor, Version=0.0.0.0, Culture=neutral, PublicKeyToken=null",
                "key": "DetachFaces.target",
                "value": "{\"m_Value\":0}"
            },
            {
                "type": "System.Int32, mscorlib, Version=4.0.0.0, Culture=neutral, PublicKeyToken=b77a5c561934e089",
                "key": "SubdivideEdges.subdivisions",
                "value": "{\"m_Value\":1}"
            }
        ]
    }
}